"Actual","Predicted","Residuals"
7.79515258720131,7.73786314600948,0.0572894411918288
7.20697058724759,7.22138015061652,-0.014409563368929
7.09007683577609,7.12675558676105,-0.0366787509849589
7.79515258720131,7.73786314600948,0.0572894411918288
7.31906991187919,7.30439254277492,0.0146773691042741
7.51141529304055,7.44350711367009,0.0679081793704546
8.04167035935263,7.97283090598454,0.0688394533680903
7.70921860302554,7.6112391779797,0.0979794250458372
7.69110872742823,7.61680023240817,0.0743084950200581
7.61519976424291,7.53452385123919,0.0806759130037129
7.7357829417359,7.6560103705496,0.0797725711862967
7.3595949376002,7.3615614999788,-0.00196656237860271
7.56465332686696,7.50251488906454,0.0621384378024192
7.25219568525253,7.26884550427582,-0.0166498190232911
7.94760787244332,7.89862702317947,0.0489808492638542
7.94760787244332,7.89862702317947,0.0489808492638542
7.63424051915259,7.57091014016487,0.0633303789877235
8.08172238122167,8.04468971963111,0.0370326615905601
8.13117770712939,8.17097040470284,-0.0397926975734482
7.35192814819335,7.39664569451202,-0.0447175463186644
7.91161723110444,7.82029719676618,0.0913200343382572
7.7357829417359,7.65788901753602,0.0778939241998824
7.21465157035772,7.2710829289673,-0.0564313586095739
7.72656547753774,7.62074678716386,0.105818690373879
7.83550016090141,7.69751989440086,0.137980266500552
7.3595949376002,7.36999277604777,-0.0103978384475711
7.1066061377273,7.23228104821462,-0.125674910487316
7.50483199079135,7.48267874699649,0.0221532437948628
7.29220101986623,7.27738084660561,0.0148201732606132
7.25219568525253,7.254181990793,-0.0019863055404743
7.41264331008137,7.3732611324288,0.0393821776525733
7.48256927258022,7.43342295189198,0.0491463206882328
6.92755790627832,7.10878619043917,-0.181228284160855
7.98234806180603,7.9558131649303,0.0265348968757255
7.70921860302554,7.61195673338983,0.0972618696357124
7.44354664876588,7.42716984514024,0.0163768036256338
7.61519976424291,7.54026429452019,0.0749354697227131
8.6808075207445,9.20211757587898,-0.521310055134483
7.95430204534689,7.90756681766787,0.0467352276790294
8.12823115540709,8.0662466066629,0.0619845487441886
8.12823115540709,8.0662466066629,0.0619845487441886
7.874282747283,7.81547090840027,0.0588118388827308
8.11036715766873,8.04723138829459,0.0631357693741439
7.59528672075645,7.59511838118812,0.000168339568328513
7.09007683577609,7.17793426813652,-0.0878574323604315
7.2839975284134,7.29349619519526,-0.00949866678186062
7.38820416608941,7.36328018469109,0.0249239813983211
7.35192814819335,7.36391076571415,-0.0119826175207978
7.62256609917811,7.57704774718729,0.04551835199082
7.02108396428914,7.10717169076639,-0.0860877264772499
7.3847345219643,7.34435738078824,0.0403771411760552
7.11493203677427,7.15197547777962,-0.0370434410053511
7.61519976424291,7.53183301845123,0.0833667457916816
7.13185836979105,7.16415670909931,-0.0322983393082588
7.59528672075645,7.54205818304551,0.0532285377109405
7.46095049911464,7.46911015376332,-0.00815965464868551
7.41986008424651,7.44026523137502,-0.020405147128514
7.24422751560335,7.33216256721701,-0.0879350516136634
7.51141529304055,7.45721254197406,0.0542027510664838
7.64434501738492,7.56987219308604,0.0744728242988799
7.59528672075645,7.5425963496031,0.0526903711533464
7.64434501738492,7.5787568772515,0.0655881401334195
7.59528672075645,7.54761923747397,0.0476674832824715
7.59528672075645,7.57516910020087,0.0201176205555722
7.3595949376002,7.30480102120616,0.0547939163940443
7.86970747622417,7.80904539643062,0.0606620797935564
7.3595949376002,7.36389355506171,-0.00429861746150895
7.54496682721178,7.50489664487362,0.0400701823381544
7.59528672075645,7.51787045487063,0.0774162658858133
7.2415095395363,7.23938732373029,0.00212221580601391
7.21465157035772,7.25830793440122,-0.0436563640434988
7.41986008424651,7.43134216117321,-0.011482076926697
7.28014607936087,7.35193946150133,-0.0717933821404557
6.92755790627832,7.10717169076639,-0.179613784488073
7.25219568525253,7.28753906329534,-0.0353433780428167
7.41986008424651,7.41986127461121,-1.19036469747869e-06
7.72170315968779,7.68919817119847,0.0325049884893138
7.29220101986623,7.27935412398346,0.0128468958827694
7.38411367386588,7.39938289972473,-0.0152692258588498
7.7616598384202,7.70286797941653,0.0587918590036614
7.49986591536431,7.40367405050997,0.0961918648543447
7.33380702069869,7.32845070160211,0.00535631909657575
7.29383367329011,7.29471461739659,-0.000880944106482318
7.35244110024358,7.32332476453621,0.029116335707374
7.50867751549957,7.47023608816779,0.038441427331775
7.56879240562385,7.54927141450175,0.0195209911221026
7.69110872742823,7.59512394816874,0.0959847792594939
7.68561118746904,7.64583157838007,0.0397796090889688
7.08940994678839,7.18888272261045,-0.0994727758220622
7.23720290066639,7.25005604718478,-0.0128531465183972
7.41264331008137,7.38926512634044,0.0233781837409364
7.31108477495988,7.30383592063803,0.00724885432184941
7.48256927258022,7.46875330177217,0.0138159708080465
7.31906991187919,7.31983991454967,-0.000770002670474668
7.41986008424651,7.39961998241334,0.0202401018331662
7.52660985496023,7.46651861963854,0.0600912353216847
7.64434501738492,7.60893132283302,0.0354136945518944
6.24804287450843,7.20687930169966,-0.958836427191227
7.21465157035772,7.27180048437742,-0.0571489140196988
7.53305179263391,7.45519719147201,0.0778546011618975
7.874282747283,7.8353658603788,0.0389168869042003
7.61519976424291,7.52521284156001,0.0899869226828995
7.3847345219643,7.33915510406484,0.0455794178994617
6.7900972355139,7.5333999007724,-0.743302665258499
7.38411367386588,7.42825525091379,-0.0441415770479106
7.64434501738492,7.60588171233999,0.0384633050449255
7.41986008424651,7.37794369817391,0.041916386072602
7.70921860302554,7.61267428879995,0.0965443142255875
7.27793857294566,7.31952737390501,-0.0415888009593486
7.48256927258022,7.43593439582742,0.0466348767527949
7.70876983041109,7.64188502362438,0.0668848067867094
7.3847345219643,7.37462723807542,0.01010728388888
7.41264331008137,7.41806738608589,-0.00542407600451966
7.54496682721178,7.52011504920061,0.0248517780111657
7.25219568525253,7.2518499357101,0.000345749542431939
7.3847345219643,7.37462723807542,0.01010728388888
7.31906991187919,7.27074345906196,0.0483264528172356
7.29220101986623,7.2813274013613,0.0108736185049256
7.90056250875327,7.8238849738168,0.0766775349364677
7.44354664876588,7.41160938739477,0.0319372613711071
7.64434501738492,7.57296183063126,0.0713831867536614
7.08740660722021,7.21553519155594,-0.128128584335728
7.20637729147225,7.3078871246031,-0.101509833130843
7.3847345219643,7.37103946102479,0.0136950609395043
7.64434501738492,7.5967328808609,0.0476121365240196
7.7947407764637,7.67325593015021,0.121484846313497
7.09007683577609,7.14358849076082,-0.053511654984729
7.5108683368381,7.44149545025589,0.0693728865822099
7.33053626485553,7.35528289014021,-0.0247466252846777
7.7357829417359,7.64891957490946,0.0868633668264449
7.3847345219643,7.34633065816609,0.0384038637982114
7.7357829417359,7.67179658957235,0.0639863521635471
7.60479487425743,7.52698951943288,0.0778053548245454
7.18538701558042,7.23461310329752,-0.0492260877171082
7.62256609917811,7.56987219308604,0.0526939060920695
7.73927212880685,7.66929802858642,0.0699741002204322
7.39400128377374,7.36371416620918,0.0302871175645585
7.56589685034327,7.48428413748497,0.0816127128582984
7.36315275583851,7.40205454285528,-0.0389017870167674
7.41264331008137,7.46380228941289,-0.0511589793315173
7.3184069137776,7.30156869355916,0.0168382202184372
7.61519976424291,7.56538747177276,0.0498122924701496
7.61519976424291,7.53488262894426,0.0803171352986505
7.39400128377374,7.36102333342121,0.0329779503525272
7.38262206389386,7.30946180307054,0.0731602608233208
7.27793857294566,7.31952737390501,-0.0415888009593486
7.21465157035772,7.27566228067201,-0.0610107103142843
8.13996562471931,8.20197432441704,-0.0620086996977225
7.7616598384202,7.67941567983977,0.0822441585804281
7.56589685034327,7.49700353536225,0.0688933149810182
7.09007683577609,7.18215484213617,-0.0920780063600795
7.68146810738165,7.59902772193197,0.0824403854496758
7.54496682721178,7.54831748508438,-0.00335065787259659
6.95463886488099,7.22941082657412,-0.274771961693131
7.21465157035772,7.25579649046578,-0.0411449201080609
7.31906991187919,7.27146101447208,0.0476088974071107
7.91161723110444,7.82244986299655,0.0891673681078826
7.874282747283,7.8353658603788,0.0389168869042003
7.16765497042147,7.20634113514206,-0.0386861647205956
7.35192814819335,7.42107969681254,-0.0691515486191898
7.41986008424651,7.44662859967472,-0.02676851542821
7.35192814819335,7.42107969681254,-0.0691515486191898
7.2152399787301,7.21452258201589,0.00071739671421156
7.45657008865216,7.37171478906149,0.0848552995906724
7.70921860302554,7.65152564923632,0.0576929537892195
7.3595949376002,7.40023347156264,-0.0406385339624391
7.5892346546744,7.58503548709009,0.00419916758430805
7.51141529304055,7.44880402078493,0.0626112722556194
7.51141529304055,7.44880402078493,0.0626112722556194
7.61519976424291,7.52480179211531,0.0903979721275947
7.61519976424291,7.52480179211531,0.0903979721275947
7.61519976424291,7.57176071200278,0.0434390522401262
8.11036715766873,8.08525528356206,0.0251118741066758
7.98234806180603,7.93074829696585,0.0515997648401791
8.07986583015929,8.0375443902579,0.0423214399013911
8.01592178045506,7.91476708789258,0.101154692562481
7.69110872742823,7.6622889803882,0.0288197470400346
7.51141529304055,7.42459771825208,0.0868175747884656
7.40196359692469,7.40048974390867,0.00147385301601677
7.94335676784084,7.95150783246955,-0.00815106462870752
7.82276519095657,7.81158107577282,0.0111841151837462
7.41264331008137,7.45447406908127,-0.0418307589998923
7.7616598384202,7.69389853678997,0.0677613016302239
7.91161723110444,7.83321319414843,0.0784040369560079
7.56465332686696,7.48339630240661,0.0812570244603501
7.85430359801699,7.78332627212398,0.0709773258930122
7.59528672075645,7.5710895290174,0.0241971917390451
8.07986583015929,8.09664948037786,-0.016783650218569
7.60926737587371,7.59411949056515,0.015147885308564
7.70921860302554,7.64973176071101,0.0594868423145316
8.21846365314543,8.27111836244949,-0.0526547093040577
7.67266482576897,7.6069209270989,0.0657438986700685
8.07986583015929,8.1020311459538,-0.0221653157945081
7.59528672075645,7.59041715266603,0.00486956809041583
7.51141529304055,7.52045377431767,-0.0090384812771207
8.34016957571558,8.48553770270312,-0.145368126987536
7.98915358691556,7.90782558750302,0.081327999412542
7.56879240562385,7.4849389265678,0.0838534790560521
7.73970742241926,7.61071822207455,0.128989200344716
8.20281115966776,8.19981165333229,0.00299950633546864
7.41264331008137,7.38618302912594,0.0264602809554377
7.35192814819335,7.34848332439646,0.00344482379689026
8.01195194594415,7.91476708789258,0.0971848580515697
7.79019963007246,7.68300660799826,0.107193022074199
7.31906991187919,7.26430267102327,0.0547672408559228
7.48930028296078,7.40727903821303,0.082021244747752
7.42129721024236,7.35278865685721,0.0685085533851453
7.48256927258022,7.43665195123755,0.04591732134267
7.61519976424291,7.56709660183697,0.0481031624059387
7.59528672075645,7.55978803130793,0.0354986894485139
8.09187225459672,8.09203174263679,-0.000159488040070599
7.96130046428094,7.93752475604058,0.0237757082403549
7.55423005134365,7.4720299766931,0.0822000746505491
7.21465157035772,7.23914297531854,-0.0244914049608225
7.69110872742823,7.55806647625768,0.133042251170549
7.94335676784084,7.91010790974147,0.0332488580993733
7.02108396428914,7.12542298129983,-0.104339017010691
7.29220101986623,7.31659098474704,-0.0243899648808172
7.53305179263391,7.47938491964688,0.0536668729870247
7.56879240562385,7.52325212044657,0.0455402851772773
7.55423005134365,7.46933914390513,0.0848909074385178
7.25219568525253,7.23591397597298,0.0162817092795455
7.22751724489733,7.25851450602108,-0.0309972611237468
7.7735103241484,7.6651834317863,0.108326892362098
7.5892346546744,7.51067644519009,0.0785582094843109
7.44354664876588,7.41268572050996,0.0308609282559198
7.3595949376002,7.38216156988173,-0.0225666322815288
7.35192814819335,7.36407294391424,-0.0121447957208902
7.68561118746904,7.62989561864295,0.0557155688260824
8.07614235558306,8.06461489633768,0.011527459245384
7.8968502764109,7.80423874730722,0.0926115291036753
7.25219568525253,7.27028061509607,-0.0180849298435408
8.31085759175139,8.40104571582921,-0.0901881240778177
7.12993836920122,7.21994503979627,-0.0900066705950469
7.38324383845844,7.36716191144274,0.0160819270157049
7.54496682721178,7.49199785814381,0.0529689690679662
7.97549590398316,7.98479407442221,-0.00929817043904535
7.79515258720131,7.63294029712128,0.16221229008003
7.16765497042147,7.22532670537221,-0.0576717349507412
7.25219568525253,7.27028061509607,-0.0180849298435408
7.25219568525253,7.27028061509607,-0.0180849298435408
7.31906991187919,7.30798031982554,0.0110895920536498
7.35192814819335,7.37537444162371,-0.023446293430359
7.70921860302554,7.64435009513507,0.0648685078904689
7.48256927258022,7.4352168404173,0.0473524321629197
7.94866783085087,7.92747898029883,0.0211888505520363
7.69247840302929,7.64762546690538,0.0448529361239114
7.53305179263391,7.50859565447131,0.0244561381625985
7.8968502764109,7.80302939776425,0.0938208786466488
7.64434501738492,7.57126891786993,0.0730760995149868
7.21465157035772,7.22696174399886,-0.0123101736411355
7.37010468929101,7.35551922867691,0.0145854606141
7.44296127147351,7.39779103280084,0.0451702386726698
7.60926737587371,7.5758682000317,0.033399175842006
7.35192814819335,7.39095162365576,-0.0390234754624101
7.09007683577609,7.14545614793018,-0.0553793121540869
7.31906991187919,7.27289612529233,0.046173786586861
7.96164910285087,7.9106164281609,0.0510326746899725
7.35192814819335,7.39095162365576,-0.0390234754624101
7.69110872742823,7.59512394816874,0.0959847792594939
8.07986583015929,8.10615708956202,-0.0262912594027256
7.94760787244332,7.95165010296581,-0.00404223052248209
7.17625453201714,7.21936608103423,-0.0431115490170857
7.155552417735,7.16630937532968,-0.0107569575946771
7.22896883464271,7.20400908005916,0.0249597545835547
7.41264331008137,7.44088815639372,-0.0282448463123446
7.56982450397122,7.48135819702473,0.0884663069464935
7.46095049911464,7.40410470372662,0.0568457953880142
7.04577657687951,7.12783191987624,-0.0820553429967266
7.09007683577609,7.18771589656464,-0.0976390607885484
7.09007683577609,7.18771589656464,-0.0976390607885484
7.5892346546744,7.51067644519009,0.0785582094843109
7.79019963007246,7.71327646528544,0.0769231647870239
7.5892346546744,7.51049705633756,0.0787375983368417
7.44296127147351,7.37882218685727,0.0641390846162366
7.17625453201714,7.23601959618147,-0.0597650641643241
7.53305179263391,7.49854987872956,0.0345019139043483
7.55423005134365,7.48993921380806,0.0642908375355917
7.08940994678839,7.19067661113576,-0.101266664347375
7.48256927258022,7.43342295189198,0.0491463206882328
7.04577657687951,7.16874705062107,-0.122970473741562
7.874282747283,7.76438604490459,0.109896702378418
7.04577657687951,7.18466628607161,-0.138889709192098
7.85894972686417,7.79154851120225,0.067401215661925
7.66331371966348,7.64295946821008,0.0203542514534014
7.04577657687951,7.12783191987624,-0.0820553429967266
7.64434501738492,7.57126891786993,0.0730760995149868
7.55370602471111,7.5177444859504,0.035961538760704
7.2415095395363,7.25149115800503,-0.00998161846873202
7.64434501738492,7.55300090304991,0.0913441143350067
7.86970747622417,7.83285441644337,0.0368530597808086
7.3847345219643,7.34310165882052,0.0416328631437741
7.23720290066639,7.22604758908376,0.0111553115826224
8.09187225459672,8.07358433896424,0.0182879156324809
7.96130046428094,7.91907735236803,0.0422231119129064
7.70876983041109,7.63922383897458,0.0695459914365104
7.78688397716752,7.67034187498014,0.116542102187385
7.31906991187919,7.27253734758727,0.0465325642919234
7.88900944170694,7.80326656711326,0.0857428745936826
7.61470674051848,7.52341305371981,0.0912936867986716
7.38411367386588,7.38700506890007,-0.00289139503419289
7.79019963007246,7.71507035381075,0.0751292762617108
7.24365592370439,7.34681098600343,-0.103155062299034
7.53305179263391,7.47902614194182,0.0540256506920871
7.41986008424651,7.4057192033994,0.014140880847104
7.29220101986623,7.28294190103408,0.00925911883214425
7.39707121926025,7.39321180322707,0.00385941603317264
7.17869802742962,7.25328504653035,-0.0745870191007256
7.00306545878646,7.14376787961335,-0.140702420826891
7.41986008424651,7.47318008113444,-0.0533199968879288
7.53305179263391,7.52361794565919,0.00943384697471927
7.48930028296078,7.41910149182765,0.0701987911331274
